{"cameraMode":{"drawMode":0,"name":"Shaded","section":"Shading Mode"},"sceneLighting":false,"audioPlay":false,"sceneViewState":{"showFog":true,"showMaterialUpdate":false,"showSkybox":true,"showFlares":true,"showImageEffects":true,"showParticleSystems":true},"in2DMode":false,"pivot":{"x":-11.670999526977539,"y":3.515000104904175,"z":0.5609999895095825},"rotation":{"x":-0.14645929634571076,"y":0.013103644363582135,"z":-0.0020521588157862427,"w":-0.9891278147697449},"size":3.659006118774414,"orthographic":false}