{"cameraMode":{"drawMode":0,"name":"Shaded","section":"Shading Mode"},"sceneLighting":false,"audioPlay":false,"sceneViewState":{"showFog":true,"showMaterialUpdate":false,"showSkybox":true,"showFlares":true,"showImageEffects":true,"showParticleSystems":true},"in2DMode":false,"pivot":{"x":-12.420000076293946,"y":9.633999824523926,"z":0.5609999895095825},"rotation":{"x":-0.0059997811913490299,"y":0.014763202518224717,"z":-0.00017820719222072512,"w":-0.9998730421066284},"size":6.2043843269348148,"orthographic":false}