{"cameraMode":{"drawMode":0,"name":"Shaded","section":"Shading Mode"},"sceneLighting":false,"audioPlay":false,"sceneViewState":{"showFog":true,"showMaterialUpdate":false,"showSkybox":true,"showFlares":true,"showImageEffects":true,"showParticleSystems":true},"in2DMode":false,"pivot":{"x":-0.29894644021987917,"y":3.6090075969696047,"z":2.0118179321289064},"rotation":{"x":-0.19009031355381013,"y":0.33783477544784548,"z":-0.07005343586206436,"w":-0.9191441535949707},"size":0.4815634787082672,"orthographic":false}