{"cameraMode":{"drawMode":0,"name":"Shaded","section":"Shading Mode"},"sceneLighting":true,"audioPlay":false,"sceneViewState":{"showFog":true,"showMaterialUpdate":false,"showSkybox":true,"showFlares":true,"showImageEffects":true,"showParticleSystems":true},"in2DMode":false,"pivot":{"x":-4.74399995803833,"y":9.468999862670899,"z":5.029234409332275},"rotation":{"x":-0.10836230963468552,"y":-0.3100012540817261,"z":0.0355064682662487,"w":-0.9438729882240295},"size":18.254467010498048,"orthographic":false}