{"cameraMode":{"drawMode":0,"name":"Shaded","section":"Shading Mode"},"sceneLighting":false,"audioPlay":false,"sceneViewState":{"showFog":true,"showMaterialUpdate":false,"showSkybox":true,"showFlares":true,"showImageEffects":true,"showParticleSystems":true},"in2DMode":false,"pivot":{"x":-11.628000259399414,"y":-1.907999873161316,"z":-0.44999998807907107},"rotation":{"x":-0.19009031355381013,"y":0.33783477544784548,"z":-0.07005343586206436,"w":-0.9191441535949707},"size":0.8083322048187256,"orthographic":false}