{"cameraMode":{"drawMode":0,"name":"Shaded","section":"Shading Mode"},"sceneLighting":false,"audioPlay":false,"sceneViewState":{"showFog":true,"showMaterialUpdate":false,"showSkybox":true,"showFlares":true,"showImageEffects":true,"showParticleSystems":true},"in2DMode":false,"pivot":{"x":-0.3059113025665283,"y":3.7880747318267824,"z":1.918297529220581},"rotation":{"x":-0.19009031355381013,"y":0.33783477544784548,"z":-0.07005343586206436,"w":-0.9191441535949707},"size":0.47858813405036929,"orthographic":false}