{"cameraMode":{"drawMode":0,"name":"Shaded","section":"Shading Mode"},"sceneLighting":false,"audioPlay":false,"sceneViewState":{"showFog":true,"showMaterialUpdate":false,"showSkybox":true,"showFlares":true,"showImageEffects":true,"showParticleSystems":true},"in2DMode":false,"pivot":{"x":1.565000057220459,"y":0.12800002098083497,"z":0.0},"rotation":{"x":-0.14645929634571076,"y":0.013103644363582135,"z":-0.0020521588157862427,"w":-0.9891278147697449},"size":3.6590051651000978,"orthographic":false}