{"cameraMode":{"drawMode":0,"name":"Shaded","section":"Shading Mode"},"sceneLighting":false,"audioPlay":false,"sceneViewState":{"showFog":true,"showMaterialUpdate":false,"showSkybox":true,"showFlares":true,"showImageEffects":true,"showParticleSystems":true},"in2DMode":false,"pivot":{"x":-14.879709243774414,"y":4.310748100280762,"z":0.22699999809265138},"rotation":{"x":-0.19009031355381013,"y":0.33783477544784548,"z":-0.07005343586206436,"w":-0.9191441535949707},"size":3.601548671722412,"orthographic":false}