{"cameraMode":{"drawMode":0,"name":"Shaded","section":"Shading Mode"},"sceneLighting":false,"audioPlay":false,"sceneViewState":{"showFog":true,"showMaterialUpdate":false,"showSkybox":true,"showFlares":true,"showImageEffects":true,"showParticleSystems":true},"in2DMode":false,"pivot":{"x":0.04252934455871582,"y":3.1950762271881105,"z":1.9953911304473878},"rotation":{"x":-0.0059997811913490299,"y":0.014763202518224717,"z":-0.00017820719222072512,"w":-0.9998730421066284},"size":0.4645833671092987,"orthographic":false}