{"cameraMode":{"drawMode":0,"name":"Shaded","section":"Shading Mode"},"sceneLighting":true,"audioPlay":false,"sceneViewState":{"showFog":true,"showMaterialUpdate":false,"showSkybox":true,"showFlares":true,"showImageEffects":true,"showParticleSystems":true},"in2DMode":false,"pivot":{"x":-0.9020000100135803,"y":6.359000205993652,"z":-1.1059999465942383},"rotation":{"x":-0.08771535009145737,"y":-0.029883675277233125,"z":0.002708466025069356,"w":-0.9956935048103333},"size":7.989081859588623,"orthographic":false}