{"cameraMode":{"drawMode":0,"name":"Shaded","section":"Shading Mode"},"sceneLighting":false,"audioPlay":false,"sceneViewState":{"showFog":true,"showMaterialUpdate":false,"showSkybox":true,"showFlares":true,"showImageEffects":true,"showParticleSystems":true},"in2DMode":false,"pivot":{"x":-12.473004341125489,"y":3.880499839782715,"z":0.02300003170967102},"rotation":{"x":-0.10836230963468552,"y":-0.3100012540817261,"z":0.0355064682662487,"w":-0.9438729882240295},"size":20.98332405090332,"orthographic":false}