{"cameraMode":{"drawMode":0,"name":"Shaded","section":"Shading Mode"},"sceneLighting":false,"audioPlay":false,"sceneViewState":{"showFog":true,"showMaterialUpdate":false,"showSkybox":true,"showFlares":true,"showImageEffects":true,"showParticleSystems":true},"in2DMode":false,"pivot":{"x":-11.399945259094239,"y":4.449625015258789,"z":0.31599998474121096},"rotation":{"x":-0.19009031355381013,"y":0.33783477544784548,"z":-0.07005343586206436,"w":-0.9191441535949707},"size":8.344152450561524,"orthographic":false}