{"cameraMode":{"drawMode":0,"name":"Shaded","section":"Shading Mode"},"sceneLighting":false,"audioPlay":false,"sceneViewState":{"showFog":true,"showMaterialUpdate":false,"showSkybox":true,"showFlares":true,"showImageEffects":true,"showParticleSystems":true},"in2DMode":false,"pivot":{"x":-0.23682746291160584,"y":3.6279327869415285,"z":2.0777764320373537},"rotation":{"x":0.0035930732265114786,"y":-0.008763551712036133,"z":0.00015789871395099908,"w":0.9999551177024841},"size":0.4773356020450592,"orthographic":false}